,GEOID,new_district
0,1400000US05001480100,4.0
1,1400000US05001480200,4.0
2,1400000US05001480300,4.0
3,1400000US05001480400,4.0
4,1400000US05001480500,4.0
5,1400000US05001480600,4.0
6,1400000US05001480700,4.0
7,1400000US05001480800,4.0
8,1400000US05003960100,4.0
9,1400000US05003960200,4.0
10,1400000US05003960300,4.0
11,1400000US05003960400,4.0
12,1400000US05003960500,4.0
13,1400000US05003960600,4.0
14,1400000US05003960700,4.0
15,1400000US05005950100,1.0
16,1400000US05005950200,1.0
17,1400000US05005950300,1.0
18,1400000US05005950400,1.0
19,1400000US05005950500,1.0
20,1400000US05005950600,1.0
21,1400000US05005950700,1.0
22,1400000US05005950801,1.0
23,1400000US05005950802,1.0
24,1400000US05005950900,1.0
25,1400000US05007020102,3.0
26,1400000US05007020103,3.0
27,1400000US05007020104,3.0
28,1400000US05007020201,3.0
29,1400000US05007020203,3.0
30,1400000US05007020205,3.0
31,1400000US05007020206,3.0
32,1400000US05007020301,3.0
33,1400000US05007020302,3.0
34,1400000US05007020304,3.0
35,1400000US05007020305,3.0
36,1400000US05007020401,3.0
37,1400000US05007020402,3.0
38,1400000US05007020404,3.0
39,1400000US05007020405,3.0
40,1400000US05007020501,3.0
41,1400000US05007020503,3.0
42,1400000US05007020504,3.0
43,1400000US05007020604,3.0
44,1400000US05007020605,3.0
45,1400000US05007020606,3.0
46,1400000US05007020607,3.0
47,1400000US05007020608,3.0
48,1400000US05007020701,3.0
49,1400000US05007020703,3.0
50,1400000US05007020704,3.0
51,1400000US05007020801,3.0
52,1400000US05007020803,3.0
53,1400000US05007020805,3.0
54,1400000US05007020806,3.0
55,1400000US05007020903,3.0
56,1400000US05007020904,3.0
57,1400000US05007020905,3.0
58,1400000US05007020906,3.0
59,1400000US05007021001,3.0
60,1400000US05007021003,3.0
61,1400000US05007021004,3.0
62,1400000US05007021101,3.0
63,1400000US05007021102,3.0
64,1400000US05007021201,3.0
65,1400000US05007021202,3.0
66,1400000US05007021304,3.0
67,1400000US05007021305,3.0
68,1400000US05007021306,3.0
69,1400000US05007021308,3.0
70,1400000US05007021312,3.0
71,1400000US05007021313,3.0
72,1400000US05007021314,3.0
73,1400000US05007021315,3.0
74,1400000US05007021316,3.0
75,1400000US05007021317,3.0
76,1400000US05007021404,3.0
77,1400000US05007021405,3.0
78,1400000US05007021406,3.0
79,1400000US05007021407,3.0
80,1400000US05007021408,3.0
81,1400000US05007021409,3.0
82,1400000US05009790100,1.0
83,1400000US05009790200,1.0
84,1400000US05009790300,1.0
85,1400000US05009790400,1.0
86,1400000US05009790501,1.0
87,1400000US05009790502,1.0
88,1400000US05009790600,1.0
89,1400000US05011950100,4.0
90,1400000US05011950200,4.0
91,1400000US05011950300,4.0
92,1400000US05011950400,4.0
93,1400000US05011950500,4.0
94,1400000US05013480100,4.0
95,1400000US05013480200,4.0
96,1400000US05015950100,1.0
97,1400000US05015950201,1.0
98,1400000US05015950202,1.0
99,1400000US05015950301,1.0
100,1400000US05015950302,1.0
101,1400000US05015950400,1.0
102,1400000US05015950501,1.0
103,1400000US05015950502,1.0
104,1400000US05017080100,4.0
105,1400000US05017080200,4.0
106,1400000US05017080300,4.0
107,1400000US05017080400,4.0
108,1400000US05019953601,4.0
109,1400000US05019953602,4.0
110,1400000US05019953700,4.0
111,1400000US05019953800,4.0
112,1400000US05019953901,4.0
113,1400000US05019953902,4.0
114,1400000US05021950100,1.0
115,1400000US05021950200,1.0
116,1400000US05021950300,1.0
117,1400000US05021950400,1.0
118,1400000US05021950500,1.0
119,1400000US05021950600,1.0
120,1400000US05023480100,1.0
121,1400000US05023480201,1.0
122,1400000US05023480203,1.0
123,1400000US05023480204,1.0
124,1400000US05023480301,1.0
125,1400000US05023480302,1.0
126,1400000US05023480400,1.0
127,1400000US05023480501,1.0
128,1400000US05023480502,1.0
129,1400000US05025970100,4.0
130,1400000US05025970200,4.0
131,1400000US05027950100,4.0
132,1400000US05027950200,4.0
133,1400000US05027950301,4.0
134,1400000US05027950302,4.0
135,1400000US05027950401,4.0
136,1400000US05027950402,4.0
137,1400000US05027950500,4.0
138,1400000US05029950100,1.0
139,1400000US05029950200,1.0
140,1400000US05029950300,1.0
141,1400000US05029950400,1.0
142,1400000US05029950500,1.0
143,1400000US05029950600,1.0
144,1400000US05031000101,1.0
145,1400000US05031000102,1.0
146,1400000US05031000200,1.0
147,1400000US05031000300,1.0
148,1400000US05031000401,1.0
149,1400000US05031000403,1.0
150,1400000US05031000404,1.0
151,1400000US05031000501,1.0
152,1400000US05031000502,1.0
153,1400000US05031000601,1.0
154,1400000US05031000602,1.0
155,1400000US05031000701,1.0
156,1400000US05031000702,1.0
157,1400000US05031000803,1.0
158,1400000US05031000804,1.0
159,1400000US05031000805,1.0
160,1400000US05031000806,1.0
161,1400000US05031000900,1.0
162,1400000US05031001000,1.0
163,1400000US05031001101,1.0
164,1400000US05031001102,1.0
165,1400000US05031001200,1.0
166,1400000US05033020101,3.0
167,1400000US05033020102,3.0
168,1400000US05033020204,3.0
169,1400000US05033020205,3.0
170,1400000US05033020206,3.0
171,1400000US05033020207,3.0
172,1400000US05033020208,3.0
173,1400000US05033020301,3.0
174,1400000US05033020302,3.0
175,1400000US05033020401,3.0
176,1400000US05033020402,3.0
177,1400000US05033020501,3.0
178,1400000US05033020502,3.0
179,1400000US05033020601,3.0
180,1400000US05033020602,3.0
181,1400000US05035030101,4.0
182,1400000US05035030102,4.0
183,1400000US05035030201,4.0
184,1400000US05035030202,4.0
185,1400000US05035030301,4.0
186,1400000US05035030302,4.0
187,1400000US05035030503,4.0
188,1400000US05035030601,4.0
189,1400000US05035030602,4.0
190,1400000US05035030701,4.0
191,1400000US05035030702,4.0
192,1400000US05035030703,4.0
193,1400000US05035030803,4.0
194,1400000US05035030804,4.0
195,1400000US05035030805,4.0
196,1400000US05035030806,4.0
197,1400000US05035030807,4.0
198,1400000US05035031000,4.0
199,1400000US05035031100,4.0
200,1400000US05035031200,4.0
201,1400000US05037950100,4.0
202,1400000US05037950200,4.0
203,1400000US05037950300,4.0
204,1400000US05037950400,4.0
205,1400000US05037950500,4.0
206,1400000US05037950600,4.0
207,1400000US05039970100,4.0
208,1400000US05039970200,4.0
209,1400000US05039970300,4.0
210,1400000US05041950100,4.0
211,1400000US05041950200,4.0
212,1400000US05041950300,4.0
213,1400000US05041950400,4.0
214,1400000US05041950500,4.0
215,1400000US05043490100,4.0
216,1400000US05043490200,4.0
217,1400000US05043490300,4.0
218,1400000US05043490400,4.0
219,1400000US05043490500,4.0
220,1400000US05045030101,2.0
221,1400000US05045030102,2.0
222,1400000US05045030103,2.0
223,1400000US05045030104,2.0
224,1400000US05045030201,2.0
225,1400000US05045030202,2.0
226,1400000US05045030301,2.0
227,1400000US05045030302,2.0
228,1400000US05045030303,2.0
229,1400000US05045030401,2.0
230,1400000US05045030402,2.0
231,1400000US05045030403,2.0
232,1400000US05045030404,2.0
233,1400000US05045030502,2.0
234,1400000US05045030503,2.0
235,1400000US05045030504,2.0
236,1400000US05045030600,2.0
237,1400000US05045030701,2.0
238,1400000US05045030702,2.0
239,1400000US05045030800,2.0
240,1400000US05045030900,2.0
241,1400000US05045031001,2.0
242,1400000US05045031003,2.0
243,1400000US05045031006,2.0
244,1400000US05045031007,2.0
245,1400000US05045031008,2.0
246,1400000US05045031101,2.0
247,1400000US05045031102,2.0
248,1400000US05047950100,3.0
249,1400000US05047950201,3.0
250,1400000US05047950202,3.0
251,1400000US05047950301,3.0
252,1400000US05047950302,3.0
253,1400000US05049550101,1.0
254,1400000US05049550102,1.0
255,1400000US05049550201,1.0
256,1400000US05049550202,1.0
257,1400000US05051010301,4.0
258,1400000US05051010302,4.0
259,1400000US05051010401,4.0
260,1400000US05051010402,4.0
261,1400000US05051010501,4.0
262,1400000US05051010502,4.0
263,1400000US05051010601,4.0
264,1400000US05051010602,4.0
265,1400000US05051010700,4.0
266,1400000US05051010800,4.0
267,1400000US05051010900,4.0
268,1400000US05051011001,4.0
269,1400000US05051011002,4.0
270,1400000US05051011101,4.0
271,1400000US05051011102,4.0
272,1400000US05051011201,4.0
273,1400000US05051011202,4.0
274,1400000US05051011300,4.0
275,1400000US05051011400,4.0
276,1400000US05051011500,4.0
277,1400000US05051011601,4.0
278,1400000US05051011602,4.0
279,1400000US05051011701,4.0
280,1400000US05051011702,4.0
281,1400000US05051011801,4.0
282,1400000US05051011802,4.0
283,1400000US05051011901,4.0
284,1400000US05051011902,4.0
285,1400000US05051012001,4.0
286,1400000US05051012002,4.0
287,1400000US05053470100,2.0
288,1400000US05053470200,2.0
289,1400000US05053470300,2.0
290,1400000US05053470401,2.0
291,1400000US05053470402,2.0
292,1400000US05055480100,1.0
293,1400000US05055480200,1.0
294,1400000US05055480300,1.0
295,1400000US05055480401,1.0
296,1400000US05055480402,1.0
297,1400000US05055480501,1.0
298,1400000US05055480502,1.0
299,1400000US05055480601,1.0
300,1400000US05055480602,1.0
301,1400000US05055480700,1.0
302,1400000US05055480801,1.0
303,1400000US05055480802,1.0
304,1400000US05057480101,4.0
305,1400000US05057480102,4.0
306,1400000US05057480200,4.0
307,1400000US05057480301,4.0
308,1400000US05057480302,4.0
309,1400000US05057480400,4.0
310,1400000US05057480500,4.0
311,1400000US05059020101,4.0
312,1400000US05059020102,4.0
313,1400000US05059020200,4.0
314,1400000US05059020300,4.0
315,1400000US05059020400,4.0
316,1400000US05059020500,4.0
317,1400000US05059020600,4.0
318,1400000US05059020701,4.0
319,1400000US05059020702,4.0
320,1400000US05061950100,4.0
321,1400000US05061950200,4.0
322,1400000US05061950300,4.0
323,1400000US05063490101,1.0
324,1400000US05063490102,1.0
325,1400000US05063490200,1.0
326,1400000US05063490300,1.0
327,1400000US05063490400,1.0
328,1400000US05063490500,1.0
329,1400000US05063490600,1.0
330,1400000US05063490701,1.0
331,1400000US05063490702,1.0
332,1400000US05063490800,1.0
333,1400000US05065960100,1.0
334,1400000US05065960200,1.0
335,1400000US05065960300,1.0
336,1400000US05065960400,1.0
337,1400000US05067480100,1.0
338,1400000US05067480200,1.0
339,1400000US05067480300,1.0
340,1400000US05067480401,1.0
341,1400000US05067480402,1.0
342,1400000US05067480500,1.0
343,1400000US05069000102,4.0
344,1400000US05069000301,4.0
345,1400000US05069000302,4.0
346,1400000US05069000303,4.0
347,1400000US05069000502,4.0
348,1400000US05069000900,4.0
349,1400000US05069001000,4.0
350,1400000US05069001200,4.0
351,1400000US05069001300,4.0
352,1400000US05069001401,4.0
353,1400000US05069001402,4.0
354,1400000US05069001501,4.0
355,1400000US05069001502,4.0
356,1400000US05069001600,4.0
357,1400000US05069001700,4.0
358,1400000US05069001800,4.0
359,1400000US05069001901,4.0
360,1400000US05069001903,4.0
361,1400000US05069002000,4.0
362,1400000US05069002103,4.0
363,1400000US05069002104,4.0
364,1400000US05069002300,4.0
365,1400000US05069002400,4.0
366,1400000US05069002500,4.0
367,1400000US05071951700,1.0
368,1400000US05071951800,1.0
369,1400000US05071951900,1.0
370,1400000US05071952000,1.0
371,1400000US05071952100,1.0
372,1400000US05071952200,1.0
373,1400000US05073470101,4.0
374,1400000US05073470102,4.0
375,1400000US05073470200,4.0
376,1400000US05075470100,1.0
377,1400000US05075470200,1.0
378,1400000US05075470300,1.0
379,1400000US05075470400,1.0
380,1400000US05075470501,1.0
381,1400000US05075470502,1.0
382,1400000US05077470100,4.0
383,1400000US05077470200,4.0
384,1400000US05077470300,4.0
385,1400000US05077470400,4.0
386,1400000US05079960300,4.0
387,1400000US05079960400,4.0
388,1400000US05079960500,4.0
389,1400000US05079960600,4.0
390,1400000US05081030101,4.0
391,1400000US05081030103,4.0
392,1400000US05081030104,4.0
393,1400000US05081030200,4.0
394,1400000US05081030301,4.0
395,1400000US05081030302,4.0
396,1400000US05083950100,4.0
397,1400000US05083950200,4.0
398,1400000US05083950300,4.0
399,1400000US05083950400,4.0
400,1400000US05083950500,4.0
401,1400000US05083950600,4.0
402,1400000US05085020102,2.0
403,1400000US05085020103,2.0
404,1400000US05085020105,2.0
405,1400000US05085020106,2.0
406,1400000US05085020107,2.0
407,1400000US05085020108,2.0
408,1400000US05085020201,2.0
409,1400000US05085020202,2.0
410,1400000US05085020204,2.0
411,1400000US05085020205,2.0
412,1400000US05085020206,2.0
413,1400000US05085020301,2.0
414,1400000US05085020302,2.0
415,1400000US05085020400,2.0
416,1400000US05085020500,2.0
417,1400000US05085020600,2.0
418,1400000US05085020700,2.0
419,1400000US05085020800,2.0
420,1400000US05087960100,3.0
421,1400000US05087960200,3.0
422,1400000US05087960300,3.0
423,1400000US05087960400,3.0
424,1400000US05089960100,1.0
425,1400000US05089960201,1.0
426,1400000US05089960202,1.0
427,1400000US05089960301,1.0
428,1400000US05089960302,1.0
429,1400000US05091020100,4.0
430,1400000US05091020200,4.0
431,1400000US05091020400,4.0
432,1400000US05091020500,4.0
433,1400000US05091020600,4.0
434,1400000US05091020701,4.0
435,1400000US05091020702,4.0
436,1400000US05091020801,4.0
437,1400000US05091020802,4.0
438,1400000US05091020901,4.0
439,1400000US05091020902,4.0
440,1400000US05091021001,4.0
441,1400000US05091021002,4.0
442,1400000US05091980000,4.0
443,1400000US05093010100,1.0
444,1400000US05093010200,1.0
445,1400000US05093010300,1.0
446,1400000US05093010601,1.0
447,1400000US05093010602,1.0
448,1400000US05093010700,1.0
449,1400000US05093010801,1.0
450,1400000US05093010802,1.0
451,1400000US05093010900,1.0
452,1400000US05093011000,1.0
453,1400000US05093011100,1.0
454,1400000US05093011200,1.0
455,1400000US05093011300,1.0
456,1400000US05093011400,1.0
457,1400000US05095950100,4.0
458,1400000US05095950200,4.0
459,1400000US05095950300,4.0
460,1400000US05097953000,4.0
461,1400000US05097953100,4.0
462,1400000US05097953200,4.0
463,1400000US05099090100,4.0
464,1400000US05099090200,4.0
465,1400000US05099090300,4.0
466,1400000US05101180100,1.0
467,1400000US05101180200,1.0
468,1400000US05103950101,4.0
469,1400000US05103950102,4.0
470,1400000US05103950200,4.0
471,1400000US05103950301,4.0
472,1400000US05103950302,4.0
473,1400000US05103950400,4.0
474,1400000US05103950500,4.0
475,1400000US05103950600,4.0
476,1400000US05105952700,2.0
477,1400000US05105952800,2.0
478,1400000US05105952900,2.0
479,1400000US05107480100,4.0
480,1400000US05107480201,4.0
481,1400000US05107480202,4.0
482,1400000US05107480300,4.0
483,1400000US05107480400,4.0
484,1400000US05107480500,4.0
485,1400000US05107480600,4.0
486,1400000US05109953300,4.0
487,1400000US05109953400,4.0
488,1400000US05109953500,4.0
489,1400000US05111490100,1.0
490,1400000US05111490200,1.0
491,1400000US05111490300,1.0
492,1400000US05111490400,1.0
493,1400000US05111490501,1.0
494,1400000US05111490502,1.0
495,1400000US05111490600,1.0
496,1400000US05111490700,1.0
497,1400000US05113950100,4.0
498,1400000US05113950201,4.0
499,1400000US05113950202,4.0
500,1400000US05113950300,4.0
501,1400000US05113950400,4.0
502,1400000US05113950500,4.0
503,1400000US05113950600,4.0
504,1400000US05115950700,1.0
505,1400000US05115950800,1.0
506,1400000US05115950901,1.0
507,1400000US05115950902,1.0
508,1400000US05115951000,1.0
509,1400000US05115951100,1.0
510,1400000US05115951201,1.0
511,1400000US05115951202,1.0
512,1400000US05115951301,1.0
513,1400000US05115951302,1.0
514,1400000US05115951303,1.0
515,1400000US05115951400,1.0
516,1400000US05115951501,1.0
517,1400000US05115951503,1.0
518,1400000US05115951504,1.0
519,1400000US05115951601,1.0
520,1400000US05115951602,1.0
521,1400000US05117460100,4.0
522,1400000US05117460200,4.0
523,1400000US05117460300,4.0
524,1400000US05119000500,2.0
525,1400000US05119001100,2.0
526,1400000US05119001200,2.0
527,1400000US05119001300,2.0
528,1400000US05119001501,2.0
529,1400000US05119001502,2.0
530,1400000US05119001600,2.0
531,1400000US05119001800,2.0
532,1400000US05119001900,2.0
533,1400000US05119002001,2.0
534,1400000US05119002002,2.0
535,1400000US05119002102,2.0
536,1400000US05119002103,2.0
537,1400000US05119002104,2.0
538,1400000US05119002203,2.0
539,1400000US05119002206,2.0
540,1400000US05119002208,2.0
541,1400000US05119002209,2.0
542,1400000US05119002210,2.0
543,1400000US05119002211,2.0
544,1400000US05119002403,2.0
545,1400000US05119002405,2.0
546,1400000US05119002406,2.0
547,1400000US05119002407,2.0
548,1400000US05119002409,2.0
549,1400000US05119002410,2.0
550,1400000US05119002500,2.0
551,1400000US05119002600,2.0
552,1400000US05119002700,2.0
553,1400000US05119002800,2.0
554,1400000US05119002900,2.0
555,1400000US05119003001,2.0
556,1400000US05119003002,2.0
557,1400000US05119003100,2.0
558,1400000US05119003202,2.0
559,1400000US05119003207,2.0
560,1400000US05119003208,2.0
561,1400000US05119003303,2.0
562,1400000US05119003305,2.0
563,1400000US05119003306,2.0
564,1400000US05119003307,2.0
565,1400000US05119003308,2.0
566,1400000US05119003403,2.0
567,1400000US05119003404,2.0
568,1400000US05119003405,2.0
569,1400000US05119003406,2.0
570,1400000US05119003604,2.0
571,1400000US05119003605,2.0
572,1400000US05119003606,2.0
573,1400000US05119003607,2.0
574,1400000US05119003608,2.0
575,1400000US05119003609,2.0
576,1400000US05119003703,2.0
577,1400000US05119003704,2.0
578,1400000US05119003707,2.0
579,1400000US05119003711,2.0
580,1400000US05119003712,2.0
581,1400000US05119003713,2.0
582,1400000US05119003714,2.0
583,1400000US05119003800,2.0
584,1400000US05119003900,2.0
585,1400000US05119004001,2.0
586,1400000US05119004004,2.0
587,1400000US05119004005,2.0
588,1400000US05119004006,2.0
589,1400000US05119004007,2.0
590,1400000US05119004103,2.0
591,1400000US05119004104,2.0
592,1400000US05119004105,2.0
593,1400000US05119004106,2.0
594,1400000US05119004107,2.0
595,1400000US05119004108,2.0
596,1400000US05119004201,2.0
597,1400000US05119004202,2.0
598,1400000US05119004205,2.0
599,1400000US05119004213,2.0
600,1400000US05119004214,2.0
601,1400000US05119004215,2.0
602,1400000US05119004218,2.0
603,1400000US05119004219,2.0
604,1400000US05119004220,2.0
605,1400000US05119004222,2.0
606,1400000US05119004223,2.0
607,1400000US05119004224,2.0
608,1400000US05119004225,2.0
609,1400000US05119004226,2.0
610,1400000US05119004227,2.0
611,1400000US05119004228,2.0
612,1400000US05119004229,2.0
613,1400000US05119004302,2.0
614,1400000US05119004306,2.0
615,1400000US05119004307,2.0
616,1400000US05119004308,2.0
617,1400000US05119004309,2.0
618,1400000US05119004310,2.0
619,1400000US05119004311,2.0
620,1400000US05119004400,2.0
621,1400000US05119004500,2.0
622,1400000US05119004600,2.0
623,1400000US05119004700,2.0
624,1400000US05119004801,2.0
625,1400000US05119004901,2.0
626,1400000US05119004902,2.0
627,1400000US05119980100,2.0
628,1400000US05119980200,2.0
629,1400000US05119980300,2.0
630,1400000US05119980400,2.0
631,1400000US05121960100,1.0
632,1400000US05121960201,1.0
633,1400000US05121960202,1.0
634,1400000US05121960301,1.0
635,1400000US05121960302,1.0
636,1400000US05123960100,4.0
637,1400000US05123960201,4.0
638,1400000US05123960202,4.0
639,1400000US05123960300,4.0
640,1400000US05123960400,4.0
641,1400000US05123960500,4.0
642,1400000US05123960600,4.0
643,1400000US05125010101,2.0
644,1400000US05125010104,2.0
645,1400000US05125010105,2.0
646,1400000US05125010106,2.0
647,1400000US05125010107,2.0
648,1400000US05125010301,2.0
649,1400000US05125010302,2.0
650,1400000US05125010303,2.0
651,1400000US05125010405,2.0
652,1400000US05125010406,2.0
653,1400000US05125010407,2.0
654,1400000US05125010408,2.0
655,1400000US05125010409,2.0
656,1400000US05125010410,2.0
657,1400000US05125010411,2.0
658,1400000US05125010507,2.0
659,1400000US05125010508,2.0
660,1400000US05125010509,2.0
661,1400000US05125010511,2.0
662,1400000US05125010512,2.0
663,1400000US05125010513,2.0
664,1400000US05125010514,2.0
665,1400000US05125010515,2.0
666,1400000US05125010516,2.0
667,1400000US05125010517,2.0
668,1400000US05125010518,2.0
669,1400000US05125010519,2.0
670,1400000US05125010520,2.0
671,1400000US05125010601,2.0
672,1400000US05125010602,2.0
673,1400000US05127950100,4.0
674,1400000US05127950200,4.0
675,1400000US05127950300,4.0
676,1400000US05129970100,1.0
677,1400000US05129970200,1.0
678,1400000US05129970300,1.0
679,1400000US05131000100,3.0
680,1400000US05131000200,3.0
681,1400000US05131000300,3.0
682,1400000US05131000400,3.0
683,1400000US05131000501,3.0
684,1400000US05131000502,3.0
685,1400000US05131000600,3.0
686,1400000US05131000700,3.0
687,1400000US05131000800,3.0
688,1400000US05131001001,3.0
689,1400000US05131001002,3.0
690,1400000US05131001101,3.0
691,1400000US05131001102,3.0
692,1400000US05131001201,3.0
693,1400000US05131001202,3.0
694,1400000US05131001301,3.0
695,1400000US05131001305,3.0
696,1400000US05131001306,3.0
697,1400000US05131001307,3.0
698,1400000US05131001308,3.0
699,1400000US05131001309,3.0
700,1400000US05131001310,3.0
701,1400000US05131001311,3.0
702,1400000US05131001312,3.0
703,1400000US05131010101,3.0
704,1400000US05131010102,3.0
705,1400000US05131010201,3.0
706,1400000US05131010202,3.0
707,1400000US05131010301,3.0
708,1400000US05131010303,3.0
709,1400000US05131010304,3.0
710,1400000US05133080100,4.0
711,1400000US05133080200,4.0
712,1400000US05133080300,4.0
713,1400000US05133080400,4.0
714,1400000US05135470100,1.0
715,1400000US05135470201,1.0
716,1400000US05135470202,1.0
717,1400000US05135470300,1.0
718,1400000US05135470401,1.0
719,1400000US05135470402,1.0
720,1400000US05137950100,1.0
721,1400000US05137950201,1.0
722,1400000US05137950203,1.0
723,1400000US05137950204,1.0
724,1400000US05139950100,4.0
725,1400000US05139950200,4.0
726,1400000US05139950300,4.0
727,1400000US05139950401,4.0
728,1400000US05139950402,4.0
729,1400000US05139950501,4.0
730,1400000US05139950502,4.0
731,1400000US05139950600,4.0
732,1400000US05139950700,4.0
733,1400000US05139950800,4.0
734,1400000US05139950900,4.0
735,1400000US05139951000,4.0
736,1400000US05141460100,1.0
737,1400000US05141460200,1.0
738,1400000US05141460301,1.0
739,1400000US05141460303,1.0
740,1400000US05141460304,1.0
741,1400000US05141460400,1.0
742,1400000US05143010101,3.0
743,1400000US05143010107,3.0
744,1400000US05143010108,3.0
745,1400000US05143010109,3.0
746,1400000US05143010110,3.0
747,1400000US05143010111,3.0
748,1400000US05143010112,3.0
749,1400000US05143010113,3.0
750,1400000US05143010114,3.0
751,1400000US05143010115,3.0
752,1400000US05143010201,3.0
753,1400000US05143010202,3.0
754,1400000US05143010303,3.0
755,1400000US05143010304,3.0
756,1400000US05143010305,3.0
757,1400000US05143010306,3.0
758,1400000US05143010307,3.0
759,1400000US05143010401,3.0
760,1400000US05143010402,3.0
761,1400000US05143010404,3.0
762,1400000US05143010405,3.0
763,1400000US05143010501,3.0
764,1400000US05143010508,3.0
765,1400000US05143010510,3.0
766,1400000US05143010511,3.0
767,1400000US05143010512,3.0
768,1400000US05143010513,3.0
769,1400000US05143010514,3.0
770,1400000US05143010515,3.0
771,1400000US05143010516,3.0
772,1400000US05143010517,3.0
773,1400000US05143010518,3.0
774,1400000US05143010519,3.0
775,1400000US05143010520,3.0
776,1400000US05143010521,3.0
777,1400000US05143010601,3.0
778,1400000US05143010602,3.0
779,1400000US05143010703,3.0
780,1400000US05143010704,3.0
781,1400000US05143010705,3.0
782,1400000US05143010706,3.0
783,1400000US05143011002,3.0
784,1400000US05143011003,3.0
785,1400000US05143011004,3.0
786,1400000US05143011005,3.0
787,1400000US05143011006,3.0
788,1400000US05143011103,3.0
789,1400000US05143011104,3.0
790,1400000US05143011105,3.0
791,1400000US05143011106,3.0
792,1400000US05143011107,3.0
793,1400000US05143011200,3.0
794,1400000US05143011301,3.0
795,1400000US05143011302,3.0
796,1400000US05145070100,1.0
797,1400000US05145070200,1.0
798,1400000US05145070300,1.0
799,1400000US05145070401,1.0
800,1400000US05145070402,1.0
801,1400000US05145070501,1.0
802,1400000US05145070502,1.0
803,1400000US05145070600,1.0
804,1400000US05145070700,1.0
805,1400000US05145070801,1.0
806,1400000US05145070802,1.0
807,1400000US05145070901,1.0
808,1400000US05145070902,1.0
809,1400000US05145071001,1.0
810,1400000US05145071002,1.0
811,1400000US05145071101,1.0
812,1400000US05145071102,1.0
813,1400000US05145071201,1.0
814,1400000US05145071202,1.0
815,1400000US05147490100,4.0
816,1400000US05147490200,4.0
817,1400000US05149952301,4.0
818,1400000US05149952302,4.0
819,1400000US05149952401,4.0
820,1400000US05149952402,4.0
821,1400000US05149952500,4.0
822,1400000US05149952600,4.0
